Customer ID ,Customer Name,Customer Email,Quantity,Sales 
1,Barbabra,tsearston0@51.la,6080,382.808
2,Pate,ofricke1@prnewswire.com,5849,358.177
3,Aristotle,aramirez2@icq.com,749,470.312
4,Editha,gkopf3@goo.gl,7102,763.317
5,Hoebart,gdarville4@clickbank.net,6803,592.887
6,Karon,citzkovich5@ow.ly,9854,320.575
7,Becki,bratt6@army.mil,9761,961.968
8,Amanda,scomellini7@upenn.edu,1319,370.812
9,Risa,klindner8@reddit.com,6591,278.776
10,Pauline,whilbourne9@huffingtonpost.com,5495,913.593
11,Berte,akeya@printfriendly.com,5761,438.614
12,Ephrem,dhannerb@360.cn,7775,294.525
13,Kristopher,fdunnicoc@studiopress.com,2653,297.154
14,Arther,ahamblynd@indiatimes.com,3229,570.426
15,Eulalie,nelphe@linkedin.com,2822,519.76
16,Cybil,rclayfieldf@unblog.fr,6206,619.023
17,Gauthier,centerleing@cdc.gov,870,526.782
18,Ann,csheriffh@163.com,2745,109.24
19,Cristy,mdousei@intel.com,9768,269.528
20,Borg,ekollaschj@cnbc.com,1888,225.335
21,Hubert,sgammelk@netscape.com,3726,638.945
22,Faye,fdollarl@mlb.com,2563,571.386
23,Giacopo,ktrouncem@symantec.com,8378,143.631
24,Gates,jgolden@desdev.cn,3037,367.461
25,Demetris,lbarbyo@craigslist.org,2037,212.614
26,Druci,tlapsliep@who.int,3547,129.19
27,Kipp,mnovkovicq@moonfruit.com,7837,119.721
28,Fidel,kkoppenr@youku.com,7871,199.196
29,Kriste,cshropshires@pagesperso-orange.fr,8312,412.533
30,Baird,cmecozzit@ca.gov,4217,850.488
31,Karole,hmachenu@oracle.com,5424,152.06
32,Therese,kthreshv@tinyurl.com,6673,851.55
33,Manolo,mnorkettw@shareasale.com,7747,879.654
34,Pieter,vryex@ifeng.com,9205,935.396
35,Chad,lferreresy@cocolog-nifty.com,4268,704.771
36,Jayne,edesportz@sphinn.com,5227,877.644
37,Rich,idebold10@economist.com,3414,378.773
38,Mollie,fdwane11@imdb.com,9238,385.994
39,Marena,aberens12@umn.edu,684,730.375
40,Christi,jboxell13@issuu.com,1568,857.128
41,Elisa,rplaide14@e-recht24.de,1735,377.709
42,Janek,hgillingham15@cdbaby.com,1199,212.134
43,Dannye,vhatt16@jimdo.com,5396,845.993
44,Friedrick,pgeorg17@google.com.au,3942,345.713
45,Corrie,wmarzellano18@guardian.co.uk,8067,346.728
46,Irma,jsloy19@ted.com,5137,140.476
47,Hollis,nblannin1a@nps.gov,1882,899.042
48,Nanine,ljesper1b@ed.gov,1575,875.292
49,Oralla,ohainey1c@pagesperso-orange.fr,5881,848.764
50,Christan,lthomasen1d@spiegel.de,6638,412.506
51,Rhoda,zaseef1e@mozilla.com,3902,275.329
52,Yorke,tnestoruk1f@unesco.org,2139,819.432
53,Alexei,idoag1g@1und1.de,9419,855.896
54,Mayer,cbosse1h@canalblog.com,4592,284.987
55,Cristian,sgallager1i@fc2.com,9177,380.376
56,Son,bromanini1j@nifty.com,3166,140.711
57,Zedekiah,lneagle1k@theatlantic.com,7127,265.291
58,Morgen,lsuche1l@ed.gov,3545,915.826
59,Dona,mpatching1m@howstuffworks.com,638,971.868
60,Constancia,lrattray1n@taobao.com,9460,558.046
61,Ivy,mshinton1o@cdc.gov,9042,530.987
62,Veda,egiovannacci1p@tripadvisor.com,8773,634.055
63,Loralyn,mknevit1q@digg.com,5520,153.455
64,Eldredge,rschruurs1r@youtube.com,1257,179.191
65,Ardisj,hfittall1s@harvard.edu,6212,871.393
66,Rhodie,ccleere1t@twitpic.com,8614,766.598
67,Tova,ehardiman1u@live.com,4193,401.854
68,Wendye,arubinovitsch1v@marketwatch.com,3784,392.534
69,Jaime,gcanfield1w@sciencedaily.com,8026,867.815
70,Reba,bstanger1x@youtu.be,9225,340.888
71,Cybill,gwhawell1y@icq.com,1747,555.398
72,Yule,bislip1z@shop-pro.jp,2708,498.937
73,Gaelan,fbabinski20@surveymonkey.com,2249,788.337
74,Codie,fgreated21@theglobeandmail.com,4894,193.874
75,Charlena,mkees22@behance.net,1233,828.307
76,Pansie,bwinnister23@hud.gov,840,172.166
77,Katheryn,mhalsted24@wikimedia.org,2555,468.558
78,Aaren,rdow25@webmd.com,3508,353.828
79,Bucky,chauxwell26@amazon.com,978,514.622
80,Susie,rtimson27@people.com.cn,7424,993.081
81,Orly,kbryan28@goodreads.com,7170,640.801
82,Thoma,fwitcher29@lycos.com,3425,418.821
83,Eolanda,dfurse2a@hhs.gov,3255,405.922
84,Kandy,aluke2b@weebly.com,3774,319.626
85,Oswell,diglesiaz2c@umich.edu,1804,151.371
86,Anallise,dkiraly2d@huffingtonpost.com,903,628.24
87,Florie,gtroop2e@toplist.cz,6102,866.046
88,Freddy,jbruyett2f@51.la,6545,287.281
89,Sarene,cmaitland2g@networksolutions.com,3841,160.426
90,Berkie,dbrowne2h@cafepress.com,5595,463.087
91,Cherianne,npasticznyk2i@sun.com,8746,909.543
92,Randolf,tcommon2j@cyberchimps.com,3290,212.693
93,Bobbi,pavrasin2k@microsoft.com,6232,468.051
94,Josias,ckerrod2l@angelfire.com,8090,656.679
95,Carleen,mjon2m@gravatar.com,5540,780.502
96,Kimmie,wharflete2n@weebly.com,5588,268.67
97,Alie,dgreenstead2o@google.fr,4496,893.408
98,Viviyan,echapleo2p@studiopress.com,694,723.065
99,Hunt,imckew2q@bizjournals.com,715,921.386
100,Elden,depelett2r@oaic.gov.au,9736,382.565
101,Shem,lsavaage2s@taobao.com,3160,819.923
102,Sanderson,mblackbourn2t@list-manage.com,3515,508.187
103,Jori,lmerwood2u@squarespace.com,3238,802.16
104,Geraldine,lmcfee2v@netvibes.com,5629,265.644
105,Kathrine,tsarch2w@hhs.gov,4488,231.47
106,Blanch,nbritland2x@epa.gov,1464,941.745
107,Xavier,areinmar2y@gravatar.com,7821,794.52
108,Nadeen,cryott2z@pcworld.com,9068,704.079
109,Rickard,crenfrew30@hc360.com,7191,878.034
110,Garey,hephgrave31@nymag.com,5786,459.462
111,Gal,btrainor32@thetimes.co.uk,3368,608.604
112,Alecia,efarans33@shinystat.com,4628,913.493
113,Clarence,apfleger34@ameblo.jp,7227,337.894
114,Danny,cgregg35@ebay.com,8573,433.111
115,Regina,dkovacs36@usa.gov,1669,231.188
116,Harriet,eimort37@samsung.com,4776,732.158
117,Faythe,bsilverthorn38@taobao.com,8340,111.929
118,Barbara,mtrim39@fda.gov,5890,285.098
119,Kirbie,cbrason3a@canalblog.com,3210,244.462
120,Fielding,fsilburn3b@wsj.com,4509,191.878
121,Ralph,iondrak3c@ox.ac.uk,4948,539.593
122,Maddie,dphethean3d@pen.io,7564,198.406
123,Angelica,zwasmuth3e@about.me,3338,203.299
124,Levey,mblanking3f@washington.edu,9839,787.085
125,Pansy,akirman3g@comsenz.com,4129,864.902
126,Max,barnould3h@flickr.com,5462,161.942
127,Standford,rscoone3i@google.com.br,1259,323.924
128,Gabi,ofancutt3j@arstechnica.com,5642,696.863
129,Lucius,khember3k@ucsd.edu,1384,935.458
130,Maximilian,nstourton3l@telegraph.co.uk,8040,992.045
131,Avie,gpignon3m@com.com,7109,814.317
132,Dex,jdeniso3n@ibm.com,7163,694.545
133,Minerva,msidwick3o@symantec.com,6418,260.424
134,Nettle,tcyson3p@state.gov,3019,660.812
135,Darsie,mfeatherstonehaugh3q@infoseek.co.jp,8481,963.872
136,David,crhoddie3r@state.gov,2612,794.189
137,Amil,esager3s@engadget.com,6168,313.027
138,Larina,cgable3t@weather.com,9786,267.693
139,Juanita,cmceneny3u@yelp.com,6487,623.42
140,Cazzie,rmoulding3v@etsy.com,1240,192.59
141,Anselma,czupo3w@ucoz.ru,8968,790.243
142,Man,ccomiam3x@canalblog.com,5296,749.832
143,Swen,ejosefsen3y@china.com.cn,4170,679.622
144,Sharron,cwarsop3z@unblog.fr,554,541.065
145,Frederico,aclohessy40@gnu.org,7396,866.698
146,Baryram,elovstrom41@dell.com,9069,663.916
147,Lay,mgordon42@topsy.com,8519,815.611
148,Fanchette,gcopins43@jiathis.com,9516,481.004
149,Frances,upauer44@seesaa.net,4733,171.906
150,Vevay,yfranchyonok45@webmd.com,6184,932.836
151,Minor,lwibrow46@instagram.com,3928,838.308
152,Elvyn,gcauthra47@samsung.com,7281,140.981
153,Oona,ysimmell48@skyrock.com,2383,827.149
154,Morissa,ogheorghie49@home.pl,6351,515.783
155,Maybelle,ckraft4a@upenn.edu,4981,319.086
156,Alana,glofting4b@virginia.edu,3575,800.594
157,Bayard,jtullot4c@marriott.com,806,961.357
158,Beale,jinston4d@addthis.com,7826,955.521
159,Anabelle,eleguin4e@dot.gov,5140,714.079
160,Burl,lphizacklea4f@weebly.com,5494,277.322
161,Rina,berangey4g@imageshack.us,9736,816.788
162,Casie,dsaipy4h@sfgate.com,7723,600.819
163,Elbertina,hdillaway4i@diigo.com,8203,958.651
164,Beniamino,ccollymore4j@elpais.com,2220,409.674
165,Richardo,egillicuddy4k@privacy.gov.au,5879,558.374
166,Nev,kphilcock4l@drupal.org,6134,896.539
167,Karalynn,aregina4m@github.io,9807,579.77
168,Lelia,rpanton4n@last.fm,9296,879.84
169,Arleen,bgoodlud4o@admin.ch,3660,860.777
170,La verne,sbrosch4p@nsw.gov.au,5519,540.276
171,Leonhard,acapaldi4q@blog.com,1234,823.057
172,Beckie,swhytock4r@flickr.com,1781,602.019
173,Gertrude,lshine4s@amazon.co.uk,8067,952.24
174,Averill,igisbourn4t@skyrock.com,6503,587.015
175,Cheslie,gromer4u@imdb.com,1823,349.436
176,Mariam,nguerrier4v@thetimes.co.uk,5212,250.537
177,Cassandra,ldunhill4w@patch.com,8564,985.902
178,Celina,wjeanon4x@deliciousdays.com,8982,394.11
179,Geri,hwinnett4y@quantcast.com,8977,262.299
180,Alain,ajilliss4z@nps.gov,4686,178.747
181,Jourdan,rlarter50@bigcartel.com,9522,182.589
182,Viki,dstreet51@narod.ru,9616,271.215
183,Etienne,nschuh52@hc360.com,2870,435.7
184,Pearle,cramos53@ed.gov,8404,384.405
185,Estell,abryde54@shinystat.com,511,373.186
186,Velvet,dhallums55@shinystat.com,7510,748.952
187,Siward,dfairy56@moonfruit.com,8646,341.32
188,Esra,ilorrie57@shutterfly.com,6004,459.242
189,Yorgos,lbradder58@typepad.com,5270,386.528
190,Francois,mbradnock59@independent.co.uk,6422,384.688
191,Khalil,egalier5a@ning.com,1446,112.537
192,Nicol,jmateos5b@loc.gov,7486,798.627
193,Ericka,cklosa5c@google.com.hk,8408,246.834
194,Lorens,nsellars5d@cocolog-nifty.com,6193,917.629
195,Ellynn,aharkins5e@vistaprint.com,3051,451.345
196,Bryon,klawtie5f@baidu.com,9698,418.355
197,Sophronia,msedgemond5g@independent.co.uk,8271,516.763
198,Nollie,ccona5h@constantcontact.com,3146,667.861
199,Henryetta,bchilcotte5i@csmonitor.com,4874,844.232
200,Jolynn,nomullally5j@smugmug.com,4565,410.259
201,Raoul,vacton5k@cargocollective.com,7822,636.765
202,Emelyne,ckaine5l@xrea.com,4254,292.722
203,Ailey,cboice5m@drupal.org,9376,920.82
204,Welsh,sbeddoe5n@nih.gov,9522,698.453
205,Rutter,abeach5o@ezinearticles.com,4850,113.786
206,Anett,igeraudy5p@amazon.com,3324,463.724
207,Tyne,sleebeter5q@sbwire.com,2327,120.451
208,Cheslie,sdegoy5r@pinterest.com,7598,571.994
209,Loise,nlesarr5s@about.me,9600,414.736
210,Tess,hcroster5t@aboutads.info,9353,502.83
211,Pegeen,dgrinaugh5u@fc2.com,5364,883.264
212,Harriott,jbaccup5v@mayoclinic.com,6466,935.378
213,Tamiko,acord5w@bbb.org,8731,319.882
214,Aksel,lsweetlove5x@slashdot.org,3848,647.861
215,Emilia,gmckeurton5y@ebay.com,9702,116.724
216,Rance,krandle5z@google.com.au,7601,369.888
217,Burke,hrainard60@yahoo.co.jp,9589,237.213
218,Loutitia,dgarnsey61@github.io,2200,790.499
219,Ardis,nfenix62@epa.gov,6258,156.92
220,Antonia,vgulley63@fda.gov,6888,604.544
221,Hershel,cmammatt64@cyberchimps.com,2319,624.909
222,Agace,mseabert65@umich.edu,2187,929.162
223,Delcine,sclaricoates66@reddit.com,1345,203.09
224,Greer,lgrigori67@noaa.gov,3307,226.84
225,Cati,sfarnon68@examiner.com,4697,739.293
226,Fayina,mmattiacci69@artisteer.com,3459,466.247
227,Lissa,dthreadgold6a@nature.com,1378,349.285
228,El,ldawks6b@networksolutions.com,9326,218.205
229,Bernadine,pdeek6c@ted.com,8667,533.42
230,Denis,alaying6d@istockphoto.com,4285,128.369
231,Pavia,rcastellino6e@answers.com,5258,892.768
232,Elly,ayendall6f@acquirethisname.com,1175,335.986
233,Gamaliel,lsparrowe6g@accuweather.com,546,683.714
234,Roderich,bcroot6h@hugedomains.com,3376,679.849
235,Gilbert,aheindle6i@xinhuanet.com,5749,457.531
236,Alysa,ssunman6j@1688.com,3725,237.522
237,Mag,dcrotch6k@rambler.ru,3934,763.279
238,Gal,ccossum6l@t-online.de,2487,116.477
239,Port,agriffey6m@wordpress.com,6811,517.671
240,Lorianna,asymper6n@smugmug.com,7976,922.563
241,Celinka,jgannicleff6o@upenn.edu,8848,775.513
242,Israel,cmathouse6p@vimeo.com,5169,103.86
243,Egon,ccorrao6q@squarespace.com,5495,113.82
244,Joellen,fprivett6r@google.com.hk,7250,113.222
245,Woodie,rtixall6s@usgs.gov,7814,448.355
246,Hildegaard,ggodmar6t@homestead.com,9119,424.264
247,Skippie,lkardos6u@myspace.com,9707,530.549
248,Radcliffe,msieb6v@cnbc.com,3042,592.108
249,Ethelyn,shurford6w@fotki.com,3025,264.394
250,Gris,ckitcher6x@examiner.com,3360,124.416
251,Debora,gvanyatin6y@webs.com,8139,277.678
252,Rorke,gpiken6z@slideshare.net,2044,628.877
253,Welsh,sjeandeau70@behance.net,4122,897.286
254,Dolli,lcurdell71@wordpress.com,4130,486.545
255,Estella,emabbett72@unesco.org,1021,820.142
256,Benito,denstone73@zimbio.com,4871,215.867
257,Lothario,alangstrath74@sakura.ne.jp,956,418.301
258,Jsandye,cbonder75@gravatar.com,9476,221.373
259,Alphard,fherculson76@google.cn,8849,727.065
260,Rianon,djohnstone77@unblog.fr,8091,374.567
261,Barclay,brasch78@pbs.org,1643,581.147
262,Ernesto,claughnan79@springer.com,3850,491.621
263,Luelle,ascipsey7a@gov.uk,5188,143.573
264,Kaitlyn,kdobbie7b@buzzfeed.com,2197,339.612
265,Merrielle,csterman7c@china.com.cn,2441,956.772
266,Callean,dmaryan7d@businessinsider.com,6338,640.05
267,Stanford,mbuick7e@umn.edu,9232,715.617
268,Grenville,rbrislen7f@stumbleupon.com,5305,891.179
269,Rachele,hnary7g@unesco.org,8028,756.165
270,Alisha,hbore7h@state.tx.us,9014,833.105
271,Dulsea,jurwen7i@chicagotribune.com,4847,666.002
272,Berk,cbalog7j@dedecms.com,6071,715.914
273,Chauncey,cchaston7k@addthis.com,6797,325.132
274,Gerome,ttreble7l@csmonitor.com,7955,973.421
275,Jan,uvallack7m@buzzfeed.com,2244,543.802
276,Lionel,cpinar7n@usgs.gov,9263,422.07
277,Ric,elaffoleylane7o@bloomberg.com,7188,105.865
278,Tarrance,emacterrelly7p@samsung.com,8675,479.899
279,Carl,lmennear7q@independent.co.uk,8899,820.5
280,Victor,emorrid7r@mayoclinic.com,2700,257.443
281,Yorker,kpapps7s@eepurl.com,3941,563.265
282,Wernher,dgonin7t@omniture.com,7633,241.646
283,Elsworth,mmabley7u@slashdot.org,7017,153.515
284,Carlo,kecob7v@sohu.com,2672,667.594
285,Ursa,rbounds7w@ftc.gov,9865,473.379
286,Stephan,lnouch7x@cbslocal.com,3024,119.885
287,Wileen,wfoskett7y@narod.ru,4110,756.853
288,Maitilde,bpatis7z@godaddy.com,1858,623.777
289,Jemima,eklass80@shinystat.com,8558,260.337
290,Ramsay,bdrinan81@cnet.com,1167,726.971
291,Mabel,cpearne82@twitpic.com,4906,735.496
292,Mayne,wsidry83@bbb.org,7481,305.789
293,Solomon,mdecourcey84@de.vu,4551,664.622
294,Bartholemy,uabdey85@nbcnews.com,8140,248.274
295,Rosalind,dnys86@ucsd.edu,9122,460.979
296,Yvette,atrewhela87@gmpg.org,9898,645.755
297,Aubree,mstrutt88@whitehouse.gov,1865,377.866
298,Cristina,pmckoy89@theglobeandmail.com,7742,681.596
299,Lainey,aharrold8a@abc.net.au,7863,134.747
300,Karine,shoneywood8b@live.com,7291,216.059
301,Maisie,abritney8c@facebook.com,6948,949.38
302,Buddy,awrassell8d@army.mil,688,351.175
303,Gretta,lkorneichuk8e@tmall.com,8664,777.55
304,Ki,scabotto8f@kickstarter.com,8383,362.338
305,Joye,nhaney8g@samsung.com,6525,401.324
306,Emmanuel,oalbertson8h@wsj.com,3490,880.227
307,Gaynor,nprichard8i@springer.com,7989,149.472
308,Erinn,blarvor8j@jimdo.com,8508,762.645
309,Rosella,pmarriott8k@marriott.com,5518,337.938
310,Michel,tsaul8l@cdbaby.com,8334,414.437
311,Sal,fmoreinis8m@google.fr,6144,851.659
312,Pepillo,awhittlesea8n@sakura.ne.jp,4838,943.961
313,Erroll,msmitten8o@squidoo.com,3446,340.01
314,Dorine,mbattye8p@diigo.com,6673,919.491
315,Lavina,ecaras8q@statcounter.com,2342,181.8
316,Roselle,meudall8r@google.com.br,6711,944.061
317,Fraze,bdowman8s@upenn.edu,1255,117.407
318,Thornie,apickard8t@spotify.com,3406,140.021
319,Daffy,cgroomebridge8u@wiley.com,4793,204.967
320,Reuven,cfaye8v@hud.gov,3010,825.917
321,Clerissa,jschanke8w@google.fr,2512,671.387
322,Bertha,laslam8x@tumblr.com,602,807.53
323,Dasya,nlimpricht8y@nationalgeographic.com,5620,584.37
324,Giustino,itink8z@wikispaces.com,6001,291.092
325,Trish,mespinoy90@bbb.org,4656,877.615
326,Shermy,mtopaz91@paypal.com,4106,547.794
327,Fae,mgruszecki92@weibo.com,5378,490.783
328,Dorice,dkitchingman93@constantcontact.com,8085,828.048
329,Dorothea,dgerauld94@nationalgeographic.com,3183,116.655
330,Kerrie,knayshe95@answers.com,9799,724.62
331,Bone,bmucci96@123-reg.co.uk,3971,581.427
332,Chloette,apeerless97@seesaa.net,9288,506.662
333,Cyndie,mwahlberg98@telegraph.co.uk,8686,828.579
334,Charil,etregust99@dagondesign.com,7294,887.105
335,Alta,cseth9a@cargocollective.com,9583,117.171
336,Moses,nzanassi9b@illinois.edu,7905,129.212
337,Cassie,oborder9c@buzzfeed.com,8766,835.462
338,Shalna,phinstock9d@weebly.com,2936,757.169
339,Ivory,cbowlas9e@flickr.com,3918,836.915
340,Sandi,npleager9f@bigcartel.com,9603,895.392
341,Bridie,lsummerlee9g@theatlantic.com,945,473.237
342,Ross,cfrankish9h@techcrunch.com,3152,794.729
343,Paige,osuttaby9i@unc.edu,5979,682.884
344,Ingram,uhuntly9j@cpanel.net,1684,905.012
345,Celesta,svanross9k@census.gov,9757,380.271
346,Vinny,nhawk9l@mashable.com,6179,941.454
347,Beret,dhaslewood9m@domainmarket.com,9029,594.599
348,Carine,claurenty9n@theatlantic.com,4530,763.166
349,Bordie,mdory9o@economist.com,7041,966.203
350,Noelyn,jbestwick9p@acquirethisname.com,7462,380.192
351,Alexine,ncolnett9q@omniture.com,2331,793.452
352,Jolee,asummergill9r@reddit.com,4527,619.381
353,Anthiathia,abumphries9s@house.gov,8209,269.575
354,Nancie,fplester9t@webs.com,9056,729.522
355,Kaine,cboydell9u@jalbum.net,8586,196.208
356,Meaghan,bskone9v@yandex.ru,7134,964.905
357,Cynthie,mgoodoune9w@tumblr.com,7875,248.03
358,Winston,tluce9x@vk.com,8378,606.885
359,Nalani,pbraven9y@cnet.com,7630,282.618
360,Odo,efurmage9z@uiuc.edu,6022,628.265
361,Fidelio,jditta0@e-recht24.de,3020,883.38
362,Elvis,nmenghia1@telegraph.co.uk,8948,356.802
363,Saxe,oaubina2@blogspot.com,2507,602.503
364,Hayyim,gcorea3@1688.com,8926,746.536
365,Aleece,koertzena4@stanford.edu,7883,414.171
366,Paige,ahushera5@wufoo.com,5188,980.604
367,Davon,csplavena6@apache.org,7623,784.31
368,Raynell,dspittalla7@histats.com,6966,403.69
369,Freida,grulea8@yellowbook.com,3974,182.609
370,Cynthea,jbaildona9@china.com.cn,2348,943.99
371,Kincaid,spawlowiczaa@hc360.com,1205,413.328
372,Alyosha,sanderschab@time.com,6901,769.253
373,Pegeen,dfouldac@statcounter.com,3839,309.289
374,Quinton,sapplinad@gov.uk,3268,842.576
375,Lyndell,mugoae@drupal.org,1354,809.792
376,Aldric,mcrackettaf@ycombinator.com,4663,871.301
377,Caroline,climpennyag@latimes.com,9072,608.573
378,Jedd,rlangthornah@eepurl.com,9426,522.331
379,Elias,dvaughtonai@ezinearticles.com,2954,579.472
380,Tyrone,aneilanaj@ask.com,8609,586.167
381,Cami,ehamorak@amazon.co.uk,2068,867.099
382,Nada,ddythamal@sourceforge.net,9266,463.177
383,Euell,lmaycockam@spotify.com,6179,222.078
384,Abbey,pbarczewskian@unesco.org,7009,553.436
385,Redford,pflemmingao@google.ca,5526,862.319
386,Seward,bkilgourap@house.gov,1978,825.649
387,Ferrell,onylandaq@mediafire.com,6108,129.768
388,Rheba,jifear@topsy.com,5524,877.254
389,Friedrich,cchanteras@spotify.com,5196,560.518
390,Henderson,dwalpoleat@toplist.cz,8024,185.855
391,Reeta,vtatchellau@constantcontact.com,9011,946.115
392,Pen,slinceav@usatoday.com,3736,337.468
393,Guido,dgiovannazziaw@icio.us,3762,797.38
394,Tobiah,rspinettiax@geocities.jp,1893,300.525
395,Montgomery,cgethingsay@theglobeandmail.com,6249,364.689
396,Shannon,ygentyaz@irs.gov,9558,241.683
397,Clemmie,mreasunb0@lulu.com,1673,557.535
398,Wesley,hstoterb1@de.vu,1468,855.424
399,Efrem,cballardb2@pen.io,2612,172.019
400,Bennie,dbevilleb3@apple.com,5347,632.279
401,Annnora,editerb4@ask.com,8193,901.189
402,Madlin,voxtobyb5@feedburner.com,5051,551.432
403,Hurley,vkearnsb6@ebay.com,2217,342.118
404,Lovell,cgouthierb7@blog.com,8885,373.114
405,Waneta,fjanuszewskib8@toplist.cz,6973,816.266
406,Virginia,lpracyb9@desdev.cn,1305,362.189
407,Ivan,aeburahba@discuz.net,2382,174.794
408,Merrill,jkennewaybb@auda.org.au,4535,489.985
409,Jeannine,dcheynebc@blogtalkradio.com,7933,732.943
410,Page,mbedobd@jugem.jp,6971,389.944
411,Opaline,mstangebe@statcounter.com,9913,653.924
412,Caressa,rrobbinsbf@squidoo.com,8573,717.517
413,Cally,kshorebg@netlog.com,5871,757.337
414,Sigvard,ssquirrelbh@over-blog.com,7431,926.621
415,Reg,dmorvillebi@state.tx.us,3212,145.672
416,Hermione,mweekesbj@nsw.gov.au,2997,762.053
417,Virginia,dstrutherbk@wufoo.com,4323,457.258
418,Carol,csaipybl@ed.gov,3512,153.091
419,Lemar,ahansemannbm@youku.com,5084,362.744
420,Dalis,klimbournebn@businessinsider.com,3401,128.075
421,Farley,rronaldbo@jalbum.net,1978,206.801
422,Sheena,jbothambp@usnews.com,1397,143.013
423,Rivy,kcowwellbq@nhs.uk,6752,790.328
424,Stanton,ccundeybr@wunderground.com,2158,567.783
425,Sauveur,adonsonbs@over-blog.com,4143,436.505
426,Liuka,lgaveltonebt@who.int,2198,528.978
427,Kessia,apawelkebu@acquirethisname.com,2391,645.124
428,Deedee,awitheropbv@ca.gov,6632,229.187
429,Pam,gwordsleybw@freewebs.com,9046,874.062
430,Bogey,pstephenbx@ebay.co.uk,1678,718.758
431,Pammi,handriby@themeforest.net,8077,468.967
432,Waneta,idibartolomeobz@ehow.com,5926,182.902
433,Marcus,tstavec0@nydailynews.com,1023,268.963
434,Geneva,cgowardc1@fc2.com,9383,705.121
435,Christel,syeamanc2@pen.io,1798,836.908
436,Mirabella,swoodardc3@blogtalkradio.com,9784,163.128
437,Elwood,dbalchc4@typepad.com,3640,687.603
438,Theobald,lespinoyc5@networksolutions.com,2101,900.998
439,Yoko,lorteuc6@seattletimes.com,2593,464.123
440,Murry,kmcbridec7@com.com,1501,994.563
441,Almire,tfelgatec8@unblog.fr,7032,788.46
442,Yalonda,dstollwerckc9@ask.com,1881,398.265
443,Loella,mgrinterca@wunderground.com,4031,647.385
444,Vinnie,tkleinhandlercb@dyndns.org,5052,208.631
445,Mariam,lwhalcc@ovh.net,1281,307.224
446,Gustavus,dmardlecd@drupal.org,3770,612.58
447,Robin,solohance@yahoo.co.jp,2391,627.54
448,Ludwig,fpichmanncf@bloglovin.com,7967,901.554
449,Mae,pkirtleycg@liveinternet.ru,979,647.845
450,Morly,tsouthernch@noaa.gov,8631,788.349
451,Francene,gbecraftci@typepad.com,3847,494.425
452,Kikelia,spizercj@cyberchimps.com,7770,683.653
453,Herbert,mbothramck@huffingtonpost.com,4867,122.97
454,Joanna,rdecristoforocl@hibu.com,9100,954.035
455,Orville,dhulkcm@sourceforge.net,4551,252.896
456,Sacha,ckibelcn@businessinsider.com,4509,918.959
457,Erick,gsappyco@apple.com,7320,697.852
458,Willetta,mbreznoviccp@artisteer.com,6206,467.036
459,Carolin,blongeacq@hugedomains.com,5151,603.417
460,Gisela,rsessionscr@infoseek.co.jp,2962,928.043
461,Randi,pdykinscs@cnet.com,2847,700.705
462,Frazer,rfeanderct@youtu.be,6393,600.775
463,Vinny,lcaresscu@com.com,599,898.932
464,Bunny,gsurplicecv@blogs.com,4691,499.385
465,Kimmy,chargravecw@patch.com,9613,635.346
466,Richmound,dleppingwellcx@yelp.com,7167,550.948
467,Caz,oroussellcy@bigcartel.com,8236,625.321
468,Niki,cperduecz@icio.us,2862,275.547
469,Larissa,jkeabled0@chron.com,1065,621.959
470,Doll,rgianuzzid1@mlb.com,7735,373.392
471,Eran,pgegayd2@angelfire.com,1486,390.709
472,Jessey,choldd3@squarespace.com,2850,293.499
473,Orrin,ccayetd4@blog.com,4293,247.855
474,Rudyard,besgated5@vistaprint.com,6762,374.349
475,Gayelord,geshelbyd6@squidoo.com,9662,788.495
476,Jeno,cwrixond7@dyndns.org,7513,685.905
477,Vance,jstarrsd8@diigo.com,2265,651.475
478,Orson,aaudissd9@sciencedirect.com,1209,275.642
479,Marilin,gmougenelda@mapy.cz,2667,160.513
480,Skippie,ldawidowitzdb@myspace.com,4547,263.249
481,Erin,baugustusdc@scientificamerican.com,3566,968.615
482,Bernette,mbarthropdd@linkedin.com,7309,491.033
483,Gilbertine,kgashionde@sohu.com,7241,215.615
484,Lissie,mkopfendf@deviantart.com,2893,327.076
485,Belicia,rgreaserdg@twitter.com,4509,428.197
486,Rhonda,glanmeiddh@who.int,9803,906.738
487,Isak,vhailesdi@shutterfly.com,3188,658.201
488,Gisela,ktorticedj@pagesperso-orange.fr,6098,167.751
489,Honey,lbratleydk@miibeian.gov.cn,4456,814.959
490,Florenza,acornilldl@alibaba.com,8885,409.031
491,Jerrylee,lwaplesdm@hugedomains.com,2629,887.247
492,Billye,cblazadn@theatlantic.com,7020,239.101
493,Ade,rrosenbushdo@xinhuanet.com,7587,367.585
494,Mirilla,hlandmandp@umn.edu,1789,670.593
495,Shelbi,ytillmandq@independent.co.uk,4652,494.838
496,Lissa,mpetrishchevdr@wp.com,3180,671.422
497,Phaedra,edennissds@so-net.ne.jp,9446,160.668
498,Samaria,ysturdeydt@go.com,5449,296.178
499,Chas,rnegrodu@blogs.com,2993,168.407
500,Libby,nbodemeaiddv@gnu.org,2865,550.468
501,Katalin,dcraisforddw@themeforest.net,7778,177.496
502,Briano,peariedx@amazon.co.uk,930,844.444
503,Findlay,vclampdy@theguardian.com,6347,281.786
504,Flinn,sfritzerdz@typepad.com,2673,347.351
505,Neille,sjohansene0@nationalgeographic.com,1372,692.036
506,Malinde,bkelfe1@newyorker.com,8390,674.621
507,Zena,gsollimee2@topsy.com,7094,517.906
508,Harper,djaynee3@omniture.com,5917,278.021
509,Lacey,nfernleye4@dot.gov,2846,956.652
510,Garrik,dgresche5@ustream.tv,1946,419.925
511,Mohandis,dritche6@state.tx.us,4223,379.14
512,Shirlee,mgouldstrawe7@who.int,817,417.957
513,Ynez,jbeilbye8@hhs.gov,9934,815.166
514,Felizio,eloxdalee9@usda.gov,1522,216.363
515,Raven,rjedrzejewskyea@ucoz.com,6906,683.553
516,Lib,cberthouloumeeb@bigcartel.com,8540,302.244
517,Madalena,cwannopec@nydailynews.com,7326,532.904
518,Caren,mhuckined@census.gov,7957,527.569
519,Shanna,jspringee@ebay.co.uk,5450,773.875
520,Jo,anoelef@home.pl,1367,108.879
521,Sissy,crobroeeg@histats.com,5970,193.069
522,Randall,kmelberteh@harvard.edu,1655,774.589
523,Cam,bmitchleyei@icio.us,2088,212.612
524,Thaddus,dcamillettiej@bbc.co.uk,3613,401.45
525,Jerrilee,ldruganek@theatlantic.com,9764,743.243
526,Sadye,cdomeniconeel@4shared.com,1375,523.783
527,Brenn,volwenem@csmonitor.com,4847,399.14
528,Kory,chryskiewiczen@jugem.jp,4533,640.635
529,Jamil,lfewstereo@godaddy.com,9108,274.2
530,Darell,sbovingdonep@jalbum.net,4673,128.954
531,Griffin,esamwortheq@yelp.com,9742,913.225
532,Faustina,espatonier@alexa.com,3669,574.05
533,Kenyon,dbockenes@slate.com,8720,379.292
534,Nicki,sleverittet@parallels.com,5780,741.069
535,Galen,acoucheeu@paypal.com,3116,681.258
536,Julius,draspev@google.fr,1357,978.886
537,Mirella,dcollumbellew@sogou.com,9252,905.7
538,Starr,wbernucciex@sourceforge.net,774,640.251
539,Mariquilla,mvischiey@cargocollective.com,5181,850.011
540,Xenia,mblytheez@jigsy.com,7841,945.104
541,Morganne,dpidduckf0@flickr.com,2023,925.423
542,Dionis,dbiddlef1@gmpg.org,7611,643.433
543,Boycey,ssaywardf2@ucoz.ru,8431,186.332
544,Francoise,gwickendenf3@psu.edu,6259,962.297
545,Elisabetta,cvasserf4@vk.com,2301,239.928
546,Addie,narnaudif5@uiuc.edu,2571,850.067
547,Torre,espratleyf6@php.net,4022,251.598
548,Giacobo,mpraterf7@reddit.com,6405,907.052
549,Faulkner,rderuggerof8@bbc.co.uk,999,251.438
550,Purcell,amcveaghf9@cornell.edu,8237,466.254
551,Hillery,emolenfa@nymag.com,3657,262.131
552,Kristen,bbabbefb@unc.edu,3452,683.878
553,Bobbee,vcarayolfc@ow.ly,8034,484.926
554,Lin,mizacfd@tripod.com,7496,435.728
555,Clementius,rbarlassfe@webs.com,4498,944.918
556,Duffy,jbauerff@indiegogo.com,1813,669.162
557,Joelynn,amccullumfg@cdc.gov,2237,142.749
558,Felice,ccaddenfh@soundcloud.com,7140,955.053
559,Constantine,mdilkefi@freewebs.com,7315,575.321
560,Beverley,bfrodsamfj@noaa.gov,711,712.789
561,Kaye,vscollifk@flickr.com,7655,908.101
562,Lillian,tgarvaghfl@histats.com,8780,394.723
563,Zachariah,tortsfm@archive.org,1988,453.902
564,Bentlee,dprinnefn@cdbaby.com,9100,181.216
565,Shaylynn,bsummerscalesfo@latimes.com,8356,909.528
566,Myrna,cdanbrookfp@wunderground.com,1713,746.112
567,Marketa,mverofq@loc.gov,9121,507.042
568,Sandor,fschaperofr@gnu.org,3727,787.806
569,Tades,apilmorefs@reference.com,6906,701.154
570,Alic,ksaywoodft@deviantart.com,697,689.911
571,Upton,rbinksfu@usa.gov,4241,219.803
572,Shalne,lkavanaghfv@t-online.de,6831,160.573
573,Jorrie,darboinfw@gov.uk,5205,433.732
574,Karney,lrheltonfx@themeforest.net,9490,910.623
575,Susan,mmanaghfy@vistaprint.com,1553,504.904
576,George,mknealfz@nba.com,4911,851.935
577,Myra,njakubskig0@free.fr,3137,761.25
578,Reeta,rcleeng1@digg.com,5498,706.8
579,Charissa,kspindlerg2@who.int,2370,641.344
580,Eustace,tsabertong3@icq.com,971,827.007
581,Heloise,phabdeng4@friendfeed.com,1923,113.219
582,Berthe,sectorg5@home.pl,7500,427.754
583,Norris,rmonshallg6@oaic.gov.au,1039,948.481
584,Jonas,ebudgeong7@deviantart.com,1211,571.469
585,Nanete,lokkerg8@army.mil,8699,117.661
586,Thorpe,cspauntong9@google.co.jp,7863,659.367
587,Lonnie,shuggillga@cisco.com,5821,157.278
588,Katrine,mmcgowinggb@dyndns.org,3239,562.345
589,Latisha,gthomengc@live.com,2951,837.293
590,Meredithe,gkiddeygd@blogspot.com,6596,305.815
591,Concordia,gmerittge@shareasale.com,545,534.052
592,Annissa,cbertheletgf@walmart.com,5789,927.153
593,Vidovik,sshimukgg@businesswire.com,8050,357.901
594,Debor,vrubinovgh@examiner.com,1012,837.265
595,Darryl,cplampingi@mayoclinic.com,1951,707.613
596,Ursala,kgingoldgj@i2i.jp,5875,833.325
597,Freddi,dgarretsongk@yellowpages.com,5980,622.2
598,Sianna,jklimushevgl@umn.edu,8137,895.205
599,Cammi,sfeldongm@fc2.com,2527,472.119
600,Fanchette,dshuttgn@topsy.com,4231,801.408
601,Evelyn,ewoolvingo@bandcamp.com,9538,535.942
602,Brodie,gboutflourgp@livejournal.com,2494,771.429
603,Merry,cdobergq@yale.edu,4371,366.608
604,Sherrie,iwranklinggr@quantcast.com,3823,576.779
605,Jenni,aeastmeadgs@house.gov,4673,753.391
606,Erie,nheggiegt@washingtonpost.com,689,668.504
607,Baird,eheberdengu@nifty.com,8860,655.475
608,Selig,nlandsmangv@homestead.com,3143,261.791
609,Bjorn,tcracegw@stanford.edu,9399,857.124
610,Allissa,egutersongx@xing.com,5360,483.961
611,Collie,rlehemanngy@tinyurl.com,8281,168.271
612,Roland,mrobusgz@newyorker.com,3487,322.588
613,Jacquenetta,glangmeadh0@spiegel.de,2897,694.897
614,Helyn,mcicchitelloh1@hexun.com,6475,814.298
615,Izak,rstickleyh2@so-net.ne.jp,2467,205.182
616,Thomasine,gbrislandh3@multiply.com,5550,887.57
617,Jeffrey,wbraffingtonh4@paypal.com,4316,103.223
618,Sibel,aabrahamsh5@1und1.de,5405,205.177
619,Costa,scudh6@sphinn.com,714,246.663
620,Randie,aleagash7@state.gov,2975,340.414
621,Ardath,cdunnicoh8@pbs.org,6319,472.898
622,Katuscha,mogilvieh9@bluehost.com,895,735.176
623,Melisa,hfetterha@yolasite.com,7758,381.74
624,Daisie,tpenwardenhb@jalbum.net,6416,975.227
625,Borg,rcalveleyhc@webeden.co.uk,719,198.132
626,Jania,wsaundershd@sogou.com,638,181.433
627,Inness,tmuffenhe@google.nl,1288,830.969
628,Ceil,tbindinghf@fastcompany.com,988,295.552
629,Alecia,bpestrickehg@reddit.com,2600,148.239
630,Kipp,ascranedgehh@sourceforge.net,2470,392.574
631,Ulrike,sennewhi@ocn.ne.jp,8982,783.304
632,Dinny,mbuckleehj@toplist.cz,2587,274.039
633,Billie,grufhk@google.cn,2348,709.734
634,Puff,rtorettahl@fema.gov,8445,375.152
635,Domenico,gtutthm@stumbleupon.com,9595,788.961
636,Kimberley,bkencotthn@comsenz.com,5552,751.299
637,Chester,civyho@ask.com,5360,767.931
638,Darnall,ealpeshp@lycos.com,9315,842.186
639,Jessi,fplueshq@cyberchimps.com,3513,219.102
640,Mano,tharkushr@bbc.co.uk,734,656.783
641,Jelene,katgerhs@infoseek.co.jp,7211,438.095
642,Jacquetta,hgorickeht@weibo.com,764,390.968
643,Shelli,tnailehu@sina.com.cn,3959,775.389
644,Lowell,elillistonehv@surveymonkey.com,3336,582.357
645,Cal,adaintierhw@geocities.jp,4019,417.596
646,Casey,tgorickehx@wikia.com,9730,222.033
647,Lillian,bmunslowhy@reference.com,8095,901.785
648,Merilee,mfrankisshz@github.com,2432,346.534
649,Aloisia,vblackstoni0@ca.gov,9816,500.358
650,Alia,jkewzicki1@hugedomains.com,5691,679.007
651,Melina,lwadwelli2@discuz.net,6074,703.289
652,Cristian,jportei3@arizona.edu,580,982.843
653,Vachel,yballisteri4@ft.com,5795,897.943
654,Charita,skubisi5@pen.io,3738,486.418
655,Neron,mbellingeri6@miitbeian.gov.cn,4071,514.084
656,Goldina,awoolami7@yolasite.com,1378,170.265
657,Fax,jmessomi8@cyberchimps.com,5567,829.121
658,Roxie,sspositoi9@unesco.org,5786,693.81
659,Mariel,hdonnellania@utexas.edu,1554,785.708
660,Vin,rsimacekib@oakley.com,3080,664.854
661,Delbert,jclaqueic@weebly.com,5041,366.065
662,Lian,nbenneyworthid@cbslocal.com,1981,780.645
663,Cleve,dhunteie@google.cn,1839,533.203
664,Viola,kdriversif@irs.gov,4717,788.371
665,Debbi,tdacostaig@go.com,2831,284.923
666,Abbott,jhenrikssonih@drupal.org,4499,966.389
667,Gayle,bbeinii@sciencedaily.com,883,857.002
668,Lev,ckrinksij@cornell.edu,5021,599.237
669,Arty,bgooddyik@acquirethisname.com,7080,786.09
670,Loralee,ssketchil@dot.gov,2827,191.334
671,Saw,irapelliim@biblegateway.com,2486,601.111
672,Trumaine,mvaissierein@nba.com,2922,190.769
673,Hussein,coraffertyio@freewebs.com,1803,973.571
674,Willdon,rbragaip@amazon.co.uk,6842,485.779
675,Vera,lumbertiq@blogs.com,1869,305.419
676,Faber,tlackeyeir@seesaa.net,4626,494.307
677,Greer,shierrois@uol.com.br,1336,981.047
678,Waneta,lrundleit@behance.net,6604,204.75
679,Mae,iricksoniu@youku.com,8845,442.088
680,Aldwin,celgieiv@google.com.br,4379,663.329
681,Wallie,cargileiw@nationalgeographic.com,9188,631.978
682,Sibylla,tbyrcherix@dmoz.org,7112,903.784
683,Mose,dmartelloiy@mit.edu,1803,767.284
684,Huntley,seggletoniz@virginia.edu,3049,439.473
685,Todd,ebullochj0@joomla.org,3029,856.646
686,Pearl,sallrightj1@bloglovin.com,6866,225.66
687,Krishna,kbertelsenj2@xrea.com,8773,133.033
688,Eugenia,stelezhkinj3@sun.com,7253,855.939
689,Christen,ldayerj4@microsoft.com,7290,186.754
690,Granthem,ebourtoumieuxj5@lulu.com,4441,961.201
691,Callie,wbottomj6@ovh.net,3734,983.442
692,Salomi,cashfieldj7@huffingtonpost.com,2328,482.797
693,Herc,fhamperj8@issuu.com,2679,711.13
694,Hodge,agoligherj9@chron.com,2314,975.71
695,Johna,tgilsthorpeja@flavors.me,6392,878.141
696,Hercule,bharsnipejb@sogou.com,6673,218.795
697,Merrel,lrosenbloomjc@pcworld.com,5241,142.245
698,Modesta,dmattiessenjd@columbia.edu,4587,639.916
699,Fidel,rdeperoje@rediff.com,8616,591.722
700,Artair,mhundeyjf@stumbleupon.com,2877,844.795
701,Rochette,bcostardjg@furl.net,8701,882.697
702,Lief,efiddlerjh@wordpress.com,9438,841.485
703,Karly,cmackerleyji@blogs.com,7644,430.049
704,Marcelle,khellewelljj@moonfruit.com,6501,376.442
705,Rosalie,kbouldenjk@usa.gov,6167,170.495
706,Theresita,jfernjl@gizmodo.com,6199,585.228
707,Isaak,kakehurstjm@epa.gov,9874,842.977
708,Cassie,tblakejn@feedburner.com,7302,171.132
709,Rockie,apetrichatjo@g.co,2119,361.434
710,Farrell,lblivenjp@live.com,9462,516.268
711,Brodie,aatheyjq@tripadvisor.com,8670,873.551
712,Catie,iharcourtjr@economist.com,3065,393.411
713,Elise,jquinionjs@biblegateway.com,2390,193.65
714,Cornelia,cheffordejt@goo.ne.jp,7152,167.021
715,Danit,abelchamju@mozilla.com,4558,623.453
716,Erich,gedelerjv@creativecommons.org,7757,953.776
717,Anna-maria,rbetkejw@wikimedia.org,3189,677.992
718,Muhammad,gwhiteheadjx@over-blog.com,8983,642.761
719,Normie,cmacdunleavyjy@bloglovin.com,6441,440.128
720,Shelton,jalexanderjz@homestead.com,6670,116.24
721,Kristi,psayerk0@theglobeandmail.com,8960,280.307
722,Jerrie,cdelucak1@example.com,5183,446.795
723,Cammy,tmcboylek2@cmu.edu,3450,614.609
724,Lindsay,ujexk3@amazon.de,2453,224.79
725,Leeanne,kastillk4@google.com.hk,6251,725.336
726,Jacki,dmcdermotk5@arstechnica.com,1961,471.237
727,Celeste,ksuterk6@github.io,5272,507.443
728,Elysha,cbrittlek7@hp.com,6420,185.326
729,Bernadine,kunworthk8@sfgate.com,7060,660.739
730,Woody,fvaink9@salon.com,5748,685.067
731,Augie,ijahanka@upenn.edu,5669,594.152
732,Andreana,aarnetkb@nytimes.com,2433,192.273
733,Alvie,cmacavddykc@wisc.edu,7643,755.879
734,Conney,kaxellkd@va.gov,1432,236.144
735,Joellen,cmattheiske@latimes.com,2528,837.866
736,Lawry,hlummasanakf@time.com,5933,847.981
737,Lydon,jgabbidonkg@webs.com,9914,161.084
738,Celinka,rguyonnetkh@cnn.com,1588,105.994
739,Sandor,mcapewellki@foxnews.com,4459,986.969
740,Percy,mcamamillkj@usatoday.com,6683,341.318
741,Carver,ebroughkk@bloglines.com,4811,114.382
742,Jackqueline,adoullkl@newyorker.com,3700,152.194
743,Tabby,pranscomekm@webeden.co.uk,533,414.314
744,Rina,jwickershamkn@latimes.com,6978,382.645
745,Berny,qfeldhammerko@bravesites.com,6711,288.015
746,Gay,mrisleykp@cornell.edu,6891,559.702
747,Emory,dsteelekq@omniture.com,7529,197.56
748,Bryana,gsporekr@cnet.com,6683,636.82
749,Marnie,mspellingks@biblegateway.com,5444,586.141
750,Gilbert,ewellingtonkt@boston.com,7511,252.528
751,Suellen,itewkesburyku@usatoday.com,4457,220.606
752,Philly,mwerendellkv@desdev.cn,9835,323.363
753,Pietro,twightkw@t-online.de,5315,157.698
754,Fionna,mbescobykx@skyrock.com,2939,437.085
755,Rik,ameneuxky@dell.com,7415,704.272
756,Jackelyn,fiacomettiikz@cargocollective.com,4504,670.462
757,Tony,mlangcasterl0@elpais.com,673,724.498
758,Jonathon,apedycanl1@twitter.com,8362,817.165
759,Phedra,iseawelll2@last.fm,2723,525.102
760,Emelen,bnazairl3@woothemes.com,2644,286.761
761,Quillan,slazenburyl4@netscape.com,7075,277.957
762,Lawton,baishfordl5@ifeng.com,7005,396.948
763,Gabriello,kgilburtl6@t.co,1950,846.134
764,Pet,mpicfordl7@infoseek.co.jp,575,687.474
765,Teodorico,gbagniukl8@cbc.ca,6037,128.531
766,Van,gwittletonl9@discuz.net,2396,982.391
767,Perceval,cwenbanla@dailymail.co.uk,5859,696.162
768,Westley,csloperlb@netscape.com,4186,828.589
769,Hagen,spruvostlc@opera.com,9484,306.506
770,Ancell,hsteedenld@clickbank.net,9346,393.75
771,Julee,pblackleyle@slideshare.net,4076,272.976
772,Celia,mklischlf@slashdot.org,2395,123.826
773,Patsy,kgreweslg@disqus.com,9108,854.572
774,Barbaraanne,emcilwricklh@wisc.edu,2643,367.106
775,Riannon,etooleyli@cdbaby.com,3868,595.589
776,Nananne,ksloanlj@purevolume.com,5465,583.076
777,Quentin,caggislk@ask.com,3008,498.411
778,Barnabe,ecroydenll@tinyurl.com,3026,704.782
779,Rhianon,bkinnenlm@hubpages.com,1621,440.482
780,Judi,ncreaseyln@dagondesign.com,4322,982.619
781,Isabelita,flillielo@spotify.com,7740,301.783
782,Belita,atingleylp@youtu.be,5443,556.404
783,Ajay,mgollandlq@wikia.com,3283,666.115
784,Tamera,jkirbylr@marriott.com,6466,750.984
785,York,idreghornls@prnewswire.com,9853,637.927
786,Teresita,bsowmanlt@economist.com,2732,330.338
787,Shaun,bgodfroylu@blogger.com,2393,879.069
788,Patsy,icourtierlv@jiathis.com,7174,326.363
789,Inglebert,ecrostonlw@mashable.com,4436,182.376
790,June,ddaycelx@vimeo.com,7507,577.842
791,David,kheffronly@msu.edu,3594,825.699
792,Glad,lbrigshawlz@newsvine.com,7209,536.632
793,Darice,dgiraudom0@drupal.org,9653,468.969
794,Cornelle,adreverm1@cornell.edu,1389,447.698
795,Pippa,bdewintonm2@ted.com,4356,862.955
796,Brittney,rduffm3@canalblog.com,2260,375.778
797,Georgeanna,mangusm4@nytimes.com,8174,858.458
798,Oby,hburgherm5@sitemeter.com,7181,271.014
799,Anthea,zelcottm6@i2i.jp,733,773.162
800,Sena,kgilem7@mozilla.com,1590,210.125
801,Melisandra,emacintoshm8@unicef.org,2151,281.073
802,Prentiss,gpennycordm9@bandcamp.com,8850,598.478
803,Danica,lminearma@diigo.com,1996,655.628
804,Mace,sladdsmb@chron.com,8652,270.48
805,Ellyn,mmcguiremc@php.net,2980,101.276
806,Friederike,shaslegravemd@cnbc.com,1994,910.128
807,Claudelle,fduplockme@list-manage.com,7694,746.717
808,Herold,cbusseymf@hhs.gov,9410,530.217
809,Darrelle,cbidgoodmg@smugmug.com,5821,465.591
810,Jackqueline,cduggarymh@salon.com,4351,343.14
811,Robinetta,lmorami@ning.com,8148,851.04
812,Jerald,brydeardmj@xinhuanet.com,6172,698.506
813,Gordie,fcombesmk@shutterfly.com,7789,362.572
814,Emeline,lfrankisml@whitehouse.gov,4686,512.921
815,Godart,jwiddmm@usgs.gov,4239,141.267
816,Devi,ltunneymn@ustream.tv,9687,267.109
817,Doloritas,imackimmmo@skyrock.com,2901,167.846
818,Romonda,amoberleymp@nationalgeographic.com,6365,464.726
819,Lyndsay,jfilintsevmq@hubpages.com,7766,328.378
820,Donella,nmcguirkmr@comsenz.com,1404,254.41
821,Sherill,miannuzzims@google.com.au,860,436.065
822,Edik,jandrivotmt@ameblo.jp,6930,770.58
823,Calla,mkolakmu@gov.uk,9194,252.219
824,Robinetta,wbolmannmv@imdb.com,9519,800.244
825,Rozina,nsnazlemw@domainmarket.com,8798,372.242
826,Tate,heddicottmx@dedecms.com,5718,875.619
827,Farris,aplacstonemy@telegraph.co.uk,6114,240.158
828,Maury,mriglarmz@ihg.com,6969,822.977
829,Ibby,fpickenn0@quantcast.com,6313,231.772
830,Erica,cmouncen1@google.com,5598,915.525
831,Wallie,csinclarn2@woothemes.com,3923,574.1
832,Lauraine,lpechetn3@businessinsider.com,4219,375.291
833,Dix,bbenallackn4@live.com,7216,994.221
834,Joshuah,omarqyesn5@issuu.com,9881,250.192
835,Geno,bmaccoston6@goodreads.com,7760,482.668
836,Vassili,mkillelayn7@epa.gov,9322,523.378
837,Guntar,jmurtelln8@marketwatch.com,5286,960.44
838,Freedman,sdunphien9@com.com,9349,369.533
839,Paule,gmumbrayna@nydailynews.com,9616,980.996
840,Benton,rfildenb@si.edu,3439,294.656
841,Aila,ldurdlenc@i2i.jp,6249,175.996
842,Aaron,hruckmannd@businesswire.com,6005,246.12
843,Wolf,nbarnettne@nydailynews.com,9832,596.595
844,Zacherie,cliddlenf@joomla.org,3252,275.311
845,Jillayne,ljohannesng@dell.com,3997,839.406
846,Vlad,lmccuskernh@redcross.org,5167,592.206
847,Verena,mcubberleyni@newyorker.com,4505,358.589
848,Garth,chaguenj@dailymotion.com,6165,338.822
849,Saleem,hbiddellnk@51.la,5550,190.503
850,Katinka,eskamalnl@tamu.edu,4888,796.971
851,Whitney,cbaddoenm@yandex.ru,614,560.883
852,Nick,tcoggeshallnn@seattletimes.com,2180,531.695
853,Licha,sflewinno@gov.uk,691,355.298
854,Orton,gmcalroynp@wufoo.com,6810,640.556
855,Eben,adebeauchampnq@blinklist.com,8049,908.992
856,Kimbell,spepperillnr@discuz.net,9829,908.456
857,Christie,ntockellns@huffingtonpost.com,3977,176.676
858,Zelma,lemmersonnt@reference.com,2816,517.528
859,Ashton,pcornhillnu@google.com.au,8704,336.99
860,Porty,dmeaghnv@hhs.gov,3124,321.034
861,Perla,jjeffersnw@ifeng.com,2866,648.437
862,Horatio,lstickleynx@dailymotion.com,2933,287.792
863,Patrizia,dleopoldny@hexun.com,6049,890.322
864,Valerye,bfermornz@dmoz.org,5089,568.779
865,Wilhelmina,schazotteo0@ezinearticles.com,5227,293.338
866,Wilbur,njenneyo1@auda.org.au,2002,253.501
867,Winny,babramowitcho2@twitter.com,7927,922.335
868,Erminie,skinmano3@si.edu,8069,149.869
869,Cullen,ehumo4@issuu.com,4147,436.09
870,Clevey,nducketto5@surveymonkey.com,624,634.458
871,Teodor,aflawno6@mtv.com,5867,899.687
872,Zolly,dyearbyo7@miitbeian.gov.cn,4135,370.118
873,Charline,krableyo8@123-reg.co.uk,3246,648.888
874,Valentijn,ajankovico9@posterous.com,1912,964.899
875,Van,tbulcockoa@dailymail.co.uk,1346,310.427
876,Antoine,kmeenanob@topsy.com,5339,678.647
877,Lorin,meyreeoc@odnoklassniki.ru,616,756.762
878,Leupold,gpimlockod@auda.org.au,5285,657.372
879,Quintina,dcomminsoe@dion.ne.jp,1083,736.767
880,Janela,ldimbylowof@soundcloud.com,7746,552.101
881,Jolynn,fcasoniog@google.co.jp,9738,847.072
882,Mandy,ccappelloh@creativecommons.org,3058,385.043
883,Gal,tboyceoi@cnn.com,2360,298.937
884,Eolanda,dpestoroj@thetimes.co.uk,6594,390.144
885,Hamel,anucciok@google.cn,3932,930.213
886,Joceline,pinfanteol@rakuten.co.jp,8865,172.545
887,Danya,tbearcockom@ovh.net,4472,442.351
888,Mellisa,dcorsson@army.mil,2846,565.752
889,Kellyann,ashewanoo@drupal.org,3191,542.728
890,Tate,vdanzeyop@engadget.com,5623,221.854
891,Israel,nskingleyoq@dropbox.com,4261,197.477
892,Valenka,bbeasantor@indiatimes.com,8532,798.852
893,Gauthier,rdanielskyos@pbs.org,4349,918.411
894,Trevor,lhowieot@odnoklassniki.ru,3591,641.562
895,Catie,emacandrewou@phoca.cz,901,169.945
896,Julio,gdelucaov@theatlantic.com,8614,275.035
897,Madalyn,cgodneyow@imageshack.us,9379,443.731
898,Sanford,kmcleodox@arstechnica.com,1162,731.787
899,Andy,relsmoreoy@multiply.com,2875,202.601
900,Maura,aesparzaoz@blogger.com,4329,997.702
901,Mae,mbraxayp0@google.fr,6196,943.307
902,Maryellen,jcusackp1@oracle.com,2185,966.983
903,Bronny,gstainbridgep2@chron.com,1341,220.908
904,Matti,flaysonp3@123-reg.co.uk,2936,389.071
905,Mina,cciccarellip4@tmall.com,4553,592.747
906,Gretchen,abirdsallp5@gizmodo.com,1226,292.002
907,Fons,jhenrip6@godaddy.com,1375,938.257
908,Nils,lrushmerp7@mit.edu,7268,296.546
909,Kylie,ahartellp8@bbb.org,6873,738.179
910,Joanie,cgoodlakep9@apache.org,5889,865.494
911,Robbyn,kblydepa@upenn.edu,8609,164.954
912,Moyra,sgruszeckipb@addthis.com,2872,541.991
913,Consuela,gkasherpc@oaic.gov.au,6891,260.84
914,Elmer,pbierpd@stanford.edu,4023,534.075
915,Chrotoem,korbonpe@elpais.com,3902,721.674
916,Seymour,bmaghullpf@edublogs.org,4961,492.704
917,Cesare,rpowdrillpg@google.nl,2992,658.454
918,Sheena,sstubbeph@infoseek.co.jp,8885,215.471
919,Wain,mjeromepi@cocolog-nifty.com,2199,183.427
920,Kristos,nsheepypj@delicious.com,1747,285.48
921,Leeanne,dkenerpk@over-blog.com,8843,914.951
922,Austin,icurrumpl@ihg.com,4522,999.773
923,Debor,qmchargpm@reuters.com,5033,263.134
924,Brittaney,mrytonpn@smh.com.au,1598,247.182
925,Martyn,cfrancellopo@unicef.org,3616,725.908
926,Logan,cgangepp@google.com.au,9960,442.702
927,Osborn,emanuelepq@samsung.com,1667,622.085
928,Paloma,cgravestonpr@un.org,5578,117.451
929,Adelice,gavrahamofps@blog.com,5141,740.935
930,Edgar,jloreitpt@bizjournals.com,7877,322.172
931,Melvin,bmaccrossanpu@newyorker.com,6579,885.221
932,Mariann,kwhiskerdpv@eventbrite.com,9902,691.419
933,Barclay,ssiebpw@hatena.ne.jp,3578,597.981
934,Virginie,dfoltinpx@blogs.com,1719,611.241
935,Allie,kmcclarencepy@istockphoto.com,5463,296.259
936,Adena,cmcgraepz@xrea.com,4601,475.78
937,Ardelia,smckilroeq0@deviantart.com,5834,618.115
938,Janith,fpapezq1@who.int,8601,869.637
939,Abby,ibartiq2@is.gd,8700,669.981
940,Von,lhourihanq3@barnesandnoble.com,6429,298.806
941,Joella,cpaynq4@ca.gov,8152,225.1
942,Edwin,awrighthamq5@virginia.edu,8443,390.703
943,Lanette,jfernyhoughq6@hc360.com,8132,619.544
944,Courtney,cgilfoyq7@discuz.net,5744,658.645
945,Janelle,dmccasterq8@yelp.com,6224,354.439
946,Krishnah,galbasinyq9@parallels.com,1960,762.5
947,Langsdon,babrahamovitzqa@gmpg.org,7557,846.697
948,Paulina,lclandillonqb@google.de,7148,968.067
949,Adaline,vforestallqc@nih.gov,2765,114.736
950,Elvira,kskrzynskiqd@aol.com,5800,752.915
951,Heddie,ngatwardqe@wsj.com,7973,546.394
952,Demetra,hbetteqf@youku.com,8728,549.475
953,Burt,bhanabyqg@loc.gov,2775,585.534
954,Bette-ann,zhumblestoneqh@bandcamp.com,5236,455.787
955,Vinnie,tbowdonqi@google.com.hk,6278,573.695
956,Deane,vogglebieqj@uiuc.edu,7065,463.361
957,Brenna,ecomettoiqk@youtube.com,9076,551.594
958,Shelley,sbeastonql@ask.com,4856,308.603
959,Minor,ycumberlidgeqm@vkontakte.ru,5763,751.669
960,Wolfie,mcobboldqn@so-net.ne.jp,4321,161.38
961,Theobald,jmacvicarqo@etsy.com,509,845.013
962,Ralf,vullettqp@typepad.com,1972,150.541
963,Lavena,lacresqq@ftc.gov,5329,267.961
964,Correna,phovieqr@51.la,7858,389.936
965,Killy,erathjenqs@shareasale.com,6972,896.909
966,Gaston,cmatijasevicqt@dot.gov,1808,272.227
967,Ravi,ddegoixqu@etsy.com,6216,649.908
968,Virgil,fdawtreyqv@woothemes.com,859,671.347
969,Alfredo,bperriqw@google.nl,1682,839.511
970,Sibby,kmocklerqx@gov.uk,9641,421.062
971,Wilfrid,mebbingqy@jigsy.com,8942,927.055
972,Leland,dmithamqz@hexun.com,4863,897.383
973,Stevena,orichesr0@bizjournals.com,1826,851.303
974,Arlan,hbondr1@icio.us,6055,192.563
975,Tisha,tfuzzeyr2@discuz.net,4414,393.615
976,Bertrando,dwarbeyr3@acquirethisname.com,4567,587.848
977,Tina,sshimonr4@wsj.com,4648,713.197
978,Dniren,aatwillr5@accuweather.com,9353,146.264
979,Miller,bhealeyr6@cbslocal.com,5370,186.463
980,Meghan,esargeantr7@msn.com,6801,587.294
981,Cornall,rkhomishinr8@drupal.org,5887,453.028
982,Jorgan,mlanmeidr9@bbb.org,928,722.986
983,Trueman,lcadyra@google.com.au,695,267.998
984,Eve,eshanksrb@yolasite.com,9659,290.68
985,Dani,lmayhourc@furl.net,7122,345.868
986,Veronique,tburbidgerd@hao123.com,4602,549.548
987,Nissie,sfallonre@wiley.com,7369,545.255
988,Dwain,dhodginrf@utexas.edu,1224,219.693
989,Genevra,wsandeverrg@joomla.org,6794,445.058
990,Wilma,jdrezzerrh@youtu.be,8119,755.041
991,Parry,sbattsonri@engadget.com,694,561.878
992,Ignazio,clileyrj@soundcloud.com,1312,160.41
993,Vivie,uharbottlerk@networkadvertising.org,4688,609.133
994,Laryssa,eloudianrl@fotki.com,6937,890.137
995,Milo,dimlenrm@barnesandnoble.com,7870,515.461
996,Aeriell,lreidrn@washingtonpost.com,3065,832.077
997,Andy,mhaithro@irs.gov,3332,688.167
998,Bobbie,cgoodliffrp@domainmarket.com,3323,810.316
999,Benson,tklimshukrq@patch.com,5301,705.866
1000,Carla,krobbertrr@ameblo.jp,9707,603.974
